
CREATE DATABASE fa23_a3;

\c fa23_a3;


DROP SCHEMA PUBLIC CASCADE;


CREATE SCHEMA PUBLIC;

CREATE TABLE Student(sid integer,
                    sname text,
                    city text,
                    primary key (sid));

CREATE TABLE Company(cname text,
                     headquarter text,
                     primary key (cname));

CREATE TABLE Skill(skill text,
                   primary key (skill));


CREATE TABLE worksFor(sid integer,
                      cname text,
                      salary integer,
                      primary key (sid),
                      foreign key (sid) references Student (sid),
                      foreign key (cname) references Company(cname));


CREATE TABLE companyLocation(cname text,
                             city text,
                             primary key (cname, city),
                             foreign key (cname) references Company (cname));


CREATE TABLE studentSkill(sid integer,
                         skill text,
                         primary key (sid, skill),
                         foreign key (sid) references Student (sid) on delete cascade,
                         foreign key (skill) references Skill (skill) on delete cascade);


CREATE TABLE hasManager(eid integer,
                        mid integer,
                        primary key (eid, mid),
                        foreign key (eid) references Student (sid),
                        foreign key (mid) references Student (sid));

CREATE TABLE Knows(sid1 integer,
                   sid2 integer,
                   primary key(sid1, sid2),
                   foreign key (sid1) references Student (sid),
                   foreign key (sid2) references Student (sid));

INSERT INTO Student VALUES
     (1001,'Jean','Cupertino'),
     (1002,'Vidya', 'Cupertino'),
     (1003,'Anna', 'Seattle'),
     (1004,'Qin', 'Seattle'),
     (1005,'Megan', 'MountainView'),
     (1006,'Ryan', 'Chicago'),
     (1007,'Danielle','LosGatos'),
     (1008,'Emma', 'Bloomington'),
     (1009,'Hasan', 'Bloomington'),
     (1010,'Linda', 'Chicago'),
     (1011,'Nick', 'MountainView'),
     (1012,'Eric', 'Cupertino'),
     (1013,'Lisa', 'Indianapolis'), 
     (1014,'Deepa', 'Bloomington'), 
     (1015,'Chris', 'Denver'),
     (1016,'YinYue', 'Chicago'),
     (1017,'Latha', 'LosGatos'),
     (1018,'Arif', 'Bloomington'),
     (1019,'John', 'NewYork');

INSERT INTO Company VALUES
     ('Apple', 'Cupertino'),
     ('Amazon', 'Seattle'),
     ('Google', 'MountainView'),
     ('Netflix', 'LosGatos'),
     ('Microsoft', 'Redmond'),
     ('IBM', 'NewYork'),
     ('ACM', 'NewYork'),
     ('Yahoo', 'Sunnyvale');

INSERT INTO worksFor VALUES
     (1001,'Apple', 65000),
     (1002,'Apple', 45000),
     (1003,'Amazon', 55000),
     (1004,'Amazon', 55000),
     (1005,'Google', 60000),
     (1006,'Amazon', 55000),
     (1007,'Netflix', 50000),
     (1008,'Amazon', 50000),
     (1009,'Apple',60000),
     (1010,'Amazon', 55000),
     (1011,'Google', 70000), 
     (1012,'Apple', 50000),
     (1013,'Yahoo', 55000),
     (1014,'Apple', 50000), 
     (1015,'Amazon', 60000),
     (1016,'Amazon', 55000),
     (1017,'Netflix', 60000),
     (1018,'Apple', 50000),
     (1019,'Microsoft', 50000);

INSERT INTO companyLocation VALUES
   ('Apple', 'Bloomington'),
   ('Amazon', 'Chicago'),
   ('Amazon', 'Denver'),
   ('Amazon', 'Columbus'),
   ('Google', 'NewYork'),
   ('Netflix', 'Indianapolis'),
   ('Netflix', 'Chicago'),
   ('Microsoft', 'Bloomington'),
   ('Apple', 'Cupertino'),
   ('Amazon', 'Seattle'),
   ('Google', 'MountainView'),
   ('Netflix', 'LosGatos'),
   ('Microsoft', 'Redmond'),
   ('IBM', 'NewYork'),
   ('Yahoo', 'Sunnyvale');

INSERT INTO Skill VALUES
   ('Programming'),
   ('AI'),
   ('Networks'),
   ('OperatingSystems'),
   ('Databases'),
   ('WebDevelopment');

INSERT INTO studentSkill VALUES
 (1001,'Programming'),
 (1001,'AI'),
 (1002,'Programming'),
 (1002,'AI'),
 (1004,'AI'),
 (1004,'Programming'),
 (1005,'AI'),
 (1005,'Programming'),
 (1005,'Networks'),
 (1006,'Programming'),
 (1006,'OperatingSystems'),
 (1007,'OperatingSystems'),
 (1007,'Programming'),
 (1009,'OperatingSystems'),
 (1009,'Networks'),
 (1010,'Networks'),
 (1011,'Networks'),
 (1011,'OperatingSystems'),
 (1011,'AI'),
 (1011,'Programming'),
 (1012,'AI'),
 (1011,'WebDevelopment'),
 (1012,'OperatingSystems'),
 (1012,'Programming'),
 (1013,'Programming'),
 (1013,'OperatingSystems'),
 (1013,'Networks'),
 (1014,'OperatingSystems'),
 (1014,'AI'),
 (1014,'Networks'),
 (1015,'Programming'),
 (1015,'AI'),
 (1016,'OperatingSystems'),
 (1016,'AI'),
 (1017,'Programming'),
 (1018,'AI'),
 (1019,'Networks'),
 (1003,'WebDevelopment');

INSERT INTO hasManager VALUES
 (1004, 1003),
 (1006, 1003),
 (1015, 1003),
 (1016, 1004),
 (1016, 1006),
 (1008, 1015),
 (1010, 1008),
 (1007, 1017),
 (1002, 1001),
 (1009, 1001),
 (1014, 1012),
 (1011, 1005);

INSERT INTO Knows VALUES
 (1011,1009),
 (1007,1016),
 (1011,1010),
 (1003,1004),
 (1006,1004),
 (1002,1014),
 (1009,1005),
 (1018,1009),
 (1007,1017),
 (1017,1019),
 (1019,1013),
 (1016,1015),
 (1001,1012),
 (1015,1011),
 (1019,1006),
 (1013,1002),
 (1018,1004),
 (1013,1007),
 (1014,1006),
 (1004,1014),
 (1001,1014),
 (1010,1013),
 (1010,1014),
 (1004,1019),
 (1018,1007),
 (1014,1005),
 (1015,1018),
 (1014,1017),
 (1013,1018),
 (1007,1008),
 (1005,1015),
 (1017,1014),
 (1015,1002),
 (1018,1013),
 (1018,1010),
 (1001,1008),
 (1012,1011),
 (1002,1015),
 (1007,1013),
 (1008,1007),
 (1004,1002),
 (1015,1005),
 (1009,1013),
 (1004,1012),
 (1002,1011),
 (1004,1013),
 (1008,1001),
 (1008,1019),
 (1019,1008),
 (1001,1019),
 (1019,1001),
 (1004,1003),
 (1006,1003),
 (1015,1003),
 (1016,1004),
 (1016,1006),
 (1008,1015),
 (1010,1008),
 (1017,1013),
 (1002,1001),
 (1009,1001),
 (1011,1005),
 (1014,1012),
 (1012,1001),
 (1014,1001),
 (1018,1001);

\qecho 'Problem 5' 
/*
Find the cname and headquarter of each company that employs
Students residing in Cupertino and earning more than 40000.

select c.cname, c.headquarter
from company c
where c.cname in (select w.cname
from worksfor w
where w.salary > 40000 and
w.sid = SOME (select p.sid
from Student p
where p.city = "Cupertino"));

Translate the Pure SQL query to RA SQL using the translation algorithm step-by-step. */

\qecho 'Problem 6';
/*
6. Find the sid of each student who has all-but-one job skill

A possible way to write this
query in Pure SQL is

select p.sid
from   student p
where  exists (select 1
               from   skill s
               where  not (p.sid, s.skill) in (select ps.sid, ps.skill
                                               from   studentSkill ps)) and
       true = all (select s1.skill = s2.skill
                   from   skill s1, skill s2
                   where  (p.sid, s1.skill) not in (select ps.sid, ps.skill 
                                                    from   studentSkill ps) and
                          (p.sid, s2.skill) not in (select ps.sid, ps.skill 
                                                    from   studentSkill ps));


Translate the Pure SQL query to RA SQL using the trans-
lation algorithm step-by-step.
*/ 
					
\qecho 'Problem 7';
/*
Find the sid and city of each Student who does not know anyone
working for 'Amazon'.
• Formulate this query in Pure SQL.
• Translate the Pure SQL query to RA SQL using the translation algorithm step-by-step.
*/ -- Pure SQL

\qecho 'Problem 8'; 
/*
Find the cname of each company that (1) is not located in Sunnyvale, (2) employs at least one Student and (3) whose workers
who make strictly less 70000 neither have the programming skill
nor the AI skill.
• Formulate this query in Pure SQL.
• Translate the Pure SQL query to RA SQL using the translation algorithm step-by-step.
*/ -- Pure SQL

\qecho 'Problem 9'; 
/*
Find the ID of managers with AI skill who are managing atleast
2 people

• Formulate this query in Pure SQL.
• Translate the Pure SQL query to RA SQL using the trans-
lation algorithm step-by-step.
*/ -- Pure SQL


\c postgres;


DROP DATABASE fa23_a3;